200412_Tsunami_IndianOcean;event1058
200508_Hurricane_Katrina;event741
2007_Greece_Fires;event19
2007_Hurricane_Felix;event20
2007_Hurricane_Humberto;event28
200804_Tornadoes_VA;event148
200805_Cyclone_Nargis;event137
200805_Earthquake_China;event161
200806_Fires_CA;event222
200806_Floods_Midwest;event207
200807_Hurricane_Dolly;event245
200808_Hurricane_Gustav;event273
200808_Hurricane_Ike;event303
200808_TropicalStorm_Fay;event272
200901_Blizzard_KY;event326
200901_Floods_WA;event314
200902_Fires_Australia;event328
200902_Tornado_OK;event325
200902_Volcano_Mt_Redoubt;event323
200903_Floods_Indiana_;event330
200903_RedRiver_Flooding;event331
200905_California_Fires;event336
200908_California_Fires;event343
200908_Hurricane_Felicia;event341
200908_Hurricane_Test;event340
200909_Flooding_GA;event354
200909_Indonesia_Earthquake;event356
200909_Samoa_Tsunami;event355
200911_Floods_ElSalvador;event363
200911_Floods_LA;event360
200911_Floods_MidAtlantic;event364
2009_Howard_Hanson_Dam_WA;event357
201001_Earthquake_Haiti;event488
201002_Earthquake_Chile;event499
201003_Floods_UpperMidwest;event501
201004_Earthquake_China;event512
201004_Earthquake_Mexico;event508
201004_Floods_Northeast;event503
201004_Oilspill_GulfOfMexico;event514
201005_Floods_Southeast;event515
201006_Fires_AZ;event519
201007_Fires_CA;event603
201007_Fires_WA;event602
201007_Floods_MX_TX;event601
201007_Floods_Pakistan;event604
201008_Hurricane_Earl;event608
201009_Earthquake_New_Zealand;event614
201009_Fires_CO;event615
201009_Floods_MN;event618
201009_Floods_Slovenia;event616
201009_Floods_WI;event617
201009_Hurricane_Igor;event619
201010_Floods_Thailand;event623
201010_NRDA;event622
201010_NRDA_Chandeleur_Islands;event832
201010_Tsunami_Indonesia;event624
201010_Volcano_Indonesia;event625
201011_Hurricane_Tomas;event626
201012_Fire_Israel;event632
201012_Floods_Colombia;event631
201012_Floods_Panama;event633
201101_Earthquake_Pakistan;event642
201101_Floods_Australia;event638
201101_Floods_Brazil;event641
201101_NRDA;event640
201101_Tornadoes_MO;event639
201102_Cyclone_Yasi;event643
201102_Earthquake_New_Zealand;event648
201102_Floods_Mozambique;event644
201102_Landslide_Bolivia;event652
201102_Landslide_Turkey;event645
201102_Snowstorm_Korea;event646
201103_Earthquake_Tsunami_Japan;event649
201103_Tsunami_WestCoast_US;event653
201104_Fires_MX_TX;event658
201104_Floods_Central_US;event659
201104_Floods_Midwest_US;event655
201104_Floods_Namibia;event657
201104_Tornadoes_Southeast_US;event660
201105_Fires_Canada;event662
201105_Tornadoes_AR;event665
201105_Tornadoes_Minneapolis_MN;event664
201105_Tornadoes_MO;event663
201105_Tornadoes_OK;event666
201106_Fires_AZ_CO_NM;event673
201106_Fires_FL;event679
201106_Floods_MissouriRiver_US;event671
201106_Floods_ND;event692
201106_Floods_Northeast_US_CA;event668
201106_Tornadoes_CT_MA;event674
201106_Volcano_Chile;event677
201107_Floods_South_Korea;event697
201107_NRDA;event696
201108_Earthquake_East_Coast_US;event721
201108_Floods_Nigeria;event716
201108_Hurricane_Irene;event705
201108_Hurricane_Irene_Charter;event713
201109_Earthquake_India;event726
201109_Fires_MN;event727
201109_Fires_Texas;event722
201109_Typhoon_Japan;event724
201110_Earthquake_Turkey;event734
201110_Floods_Algeria;event731
201110_Floods_Thailand;event735
201110_Oilspill_New_Zealand;event732
201110_Volcano_AK;event733
201111_Fires_Reno;event740
201111_Storm_AK;event739
201112_Fires_Chile;event743
201112_NRDA;event742
2011_AITWG_Imagery;event699
2011_NLE;event650
201201_Fire_NV;event745
201201_Floods_Brazil;event744
201202_Cyclone_Giovanna;event751
201202_Floods_Algeria;event756
201202_Floods_Peru;event752
201202_GasExplosion_AK;event754
201202_Landslide_AK;event748
201202_NRDA_BigBend_FL;event750
201202_Tornadoes_Central_US;event755
201202_Volcano_Semeru;event753
201203_Cyclone_Irina;event757
201204_Fires_CO;event758
201204_Fires_VA;event760
201204_NRDA_Louisiana;event765
201204_Tornadoes_Central_US;event761
201204_Tornadoes_TX;event759
201204_VMOC_Demo;event762
201205_Fires_AZ;event768
201205_Fires_CO;event769
201205_Fires_NM;event771
201205_Fires_NV;event772
201205_Fires_TX;event767
201205_Floods_China;event766
201205_Snowmelt_AK;event770
201206_Fires_AZ;event775
201206_Fires_CO;event773
201206_Fires_NM;event780
201206_Fires_WY;event779
201206_Floods_MN;event776
201206_TropicalStorm_Debby;event777
201206_Volcano_Guatemala;event774
201207_DNC;event788
201207_Fires_MT;event783
201207_Fires_NE;event790
201207_Fires_OR;event789
201207_Fires_SD;event791
201207_Fires_UT;event785
201207_Floods_India;event781
201207_Floods_Russia;event784
201207_NRDA;event787
201207_Training_CAP;event786
201208_Exercise_CA;event792
201208_Fires_Algeria;event798
201208_Fires_CA;event794
201208_Fires_ID;event795
201208_Fires_NV;event796
201208_Fires_OK;event797
201208_Floods_Niger;event819
201208_Floods_Nigeria;event821
201208_Floods_Philippines;event793
201208_Floods_Senegal;event818
201208_Hurricane_Isaac;event810
201209_Earthquake_China;event823
201209_Fires_Equador;event826
201209_Fires_WA;event829
201209_Floods_Cameroon;event824
201209_Floods_Pakistan;event827
201209_Floods_South_Sudan;event828
201209_Landslide_India;event825
201209_Seep_LA;event822
201210_Floods_Chad;event831
201210_Floods_Nigeria;event830
201210_Hurricane_Sandy;event835
201210_Hurricane_Sandy_Haiti;event847
201210_Oilspill_GulfOfMexico;event833
201211_Earthquake_Guatemala;event848
201211_Floods_UK;event849
201212_Cyclone_Evan;event852
201212_Typhoon_Bopha;event850
201212_Typhoon_Bopha_Philippines;event851
201301_Floods_Indonesia;event855
201301_Floods_Israel;event853
201301_Floods_Mozambique;event854
201301_Tornado_IN;event856
201302_Cyclone_Haruna;event885
201302_Floods_Seychelles;event857
201302_SnowStorm_Nemo;event860
201302_Tornadoes_Central_US;event858
201302_Tornadoes_GA;event863
201302_Tornadoes_MS;event861
201303_Fires_FL;event887
201304_Earthquake_China;event894
201304_Explosion_TX;event895
201304_Floods_Central_US;event892
201304_Floods_MN_ND;event888
201304_Tornadoes_MO;event893
201305_Exercise_Ardent_Sentry;event897
201305_Fires_CA;event896
201305_Tornadoes_OK;event900
201306_Fires_AK;event909
201306_Fires_CO;event905
201306_Fires_NM;event901
201306_Floods_India;event907
201306_Tornadoes_IA;event906
201306_Tornadoes_KS;event908
201306_Tornadoes_MO;event904
201306_Volcano_Capahue;event903
201307_Debris_Flow_CO;event915
201307_Earthquake_China;event920
201307_Explosion_CAN;event913
201307_Explosion_GulfOfMexico;event921
201307_Fires_AK;event912
201307_Fires_AZ;event910
201307_Fires_CA;event917
201307_Fires_ID;event919
201307_Fires_MT;event918
201307_Fires_WA;event926
201307_Floods_Argentina;event911
201307_Floods_Japan;event922
201307_Tornadoes_KY;event916
201308_Exercise_Vibrant_Response_13;event928
201308_Fires_AK;event929
201308_Fires_CA;event933
201308_Fires_OR;event925
201308_Fires_UT;event924
201308_Floods_China;event930
201308_Floods_Myanmar;event923
201308_Floods_Pakistan;event934
201308_Floods_Phillippines;event931
201308_Floods_Senegal;event932
201308_Floods_Sudan;event927
201309_Earthquake_Pakistan;event944
201309_Fires_Argentina;event937
201309_Fires_MT;event935
201309_Floods_CO;event938
201309_Floods_CO_Charter;event939
201309_Floods_NE;event942
201309_Floods_NM;event940
201309_Floods_Russia;event936
201309_Volcano_Peru;event943
201310_Cyclone_Phailin;event945
201310_Earthquake_Philippines;event946
201310_Fires_Australia;event950
201310_Fires_CA;event948
201310_Floods_Cambodia;event952
201310_Landslide_Japan;event947
201310_Tornados_Midwest;event949
201310_Typhoon_Nari;event951
201311_Baseline_Atlantic;event953
201311_Cosmo;event959
201311_Floods_Oman;event961
201311_Floods_TX;event954
201311_Tornadoes_Midwest;event960
201311_Typhoon_Haiyan;event956
201311_Volcano_Indonesia;event955
201312_Fires_CA;event964
201312_Floods_Gaza;event963
201312_Floods_UK;event962
201401_Cyclone_Bejisa;event965
201401_Floods_UK;event966
201401_Landslide_Peru;event967
201402_Fires_India;event968
201402_Floods_Bolivia;event973
201402_Floods_Burundi;event972
201402_Floods_UK;event969
201402_Floods_Zimbabwe;event970
201402_Snowstorm_Korea;event971
201402_Volcano_Mt_Kelud_IDN;event974
201403_Airplane_MH370_Malaysia;event975
201403_Exercise_NEP_Capstone;event980
201403_Floods_Brazil;event977
201403_IceStorm_Southeast_US;event976
201403_Landslide_WA;event979
201404_Cyclone_Ita_AUS;event982
201404_Earthquake_Chile;event1007
201404_Exercise_Vigilant_Guard_NM;event987
201404_Fires_AZ;event985
201404_Fires_Chile;event983
201404_Floods_Afghanistan;event990
201404_Floods_Solomon_Islands;event981
201404_Landslide_Tajikistan;event984
201404_Tornadoes_AL;event989
201404_Tornadoes_AR;event986
201404_Tornadoes_LA;event991
201404_Tornadoes_MS;event988
201405_Execise_Vigilant_Guard_PA;event993
201405_Fires_AK;event997
201405_Fires_AZ;event999
201405_Fires_CA;event995
201405_Fires_OK;event994
201405_Floods_Bosnia;event996
201405_Floods_Florida;event992
201405_Floods_Serbia;event998
201405_Landslide_CO;event1000
201405_Landslide_CO_Charter;event1008
201406_Fires_CA;event1004
201406_Floods_Paraguay;event1018
201406_Storms_Midwest_US;event1005
201407_Fires_CA;event1026
201407_Fires_DOM;event1030
201407_Fires_NM;event1011
201407_Fires_OR;event1028
201407_Fires_WA;event1027
201407_Floods_Brazil;event1016
201407_Tornadoes_WI;event1017
201407_Typhoon_Rammasun_CHN;event1029
201408_Earthquake_CA;event1040
201408_Earthquake_China;event1031
201408_Fires_NE;event1033
201408_Floods_Bangladesh;event1038
201408_Floods_India;event1037
201408_Floods_Panama;event1036
201408_Floods_Sudan;event1034
201408_Landslide_Nepal;event1032
201408_Landslide_WA;event1039
201408_Storms_HI;event1035
201409_Fires_CA;event1043
201409_Floods_France;event1044
201409_Floods_Pakistan;event1042
201409_Volcano_Kilauea_HI;event1041
201410_Ebola_Africa;event1051
201410_Exercise_UAS_CO;event1056
201410_Hurricane_Gonzalo;event1053
201410_Landslide_SriLanka;event1057
201410_Tropical_Storm_Ana_Hawaii;event1055
201410_Typhoon_HudHud_India;event1052
201411_Storm_NY;event1059
201412_Landslide_Indonesia;event1061
201412_Typhoon_Hagupit_PHL;event1060
201501_Floods_Malawi;event1064
201501_Floods_SriLanka;event1065
201501_Storms_Malawi;event1062
201501_Storms_Northeast_US;event1068
201501_Volcano_Soputan_IDN;event1063
201502_Cyclone_AUS;event1072
201502_Flood_Bolivia;event1074
201502_Flood_Brazil;event1076
201502_Landslide_Afghanistan;event1075
201502_Storm_GA;event1073
201503_Cyclone_Pam_VUT;event1079
201503_Exercise_Vigilant_Guard_SC;event1078
201503_Fire_CHL;event1081
201503_Flood_CHL;event1083
201503_Flood_IND;event1084
201503_Oilspill_VNM;event1082
201503_Volcano_Turrialba_CRI;event1080
201503_Volcano_Villarrica_CHL;event1077
201504_Drought_CA;event1086
201504_Earthquake_NPL;event1091
201504_Earthquake_NPL_Charter;event1092
201504_Fire_SD;event1085
201504_Oilspill_MEX;event1087
201504_Storm_KS;event1088
201504_Storms_Midwest_US;event1089
201504_Volcano_Calbuco_CHL;event1090
201505_Exercise_ArdentSentry;event1093
201505_Flood_TX;event1095
201505_Flood_TX_Licensed;event1098
201505_Landslide_COL;event1097
201505_Oilspill_CA;event1099
201505_Tornado_Midwest_US;event1094
201505_Typhoon_Dolphin_GUM;event1096
201506_Debris_MI;event1105
201506_Exercise_Vigilant_Guard_HI;event1101
201506_Fire_AK;event1103
201506_Fire_AZ;event1107
201506_Fire_CA;event1104
201506_Flood_BRA;event1102
201506_Flood_Eastern_US;event1108
201506_Storm_Midwest_US;event1106
201507_Exercise_Patriot_WI;event1114
201507_Exercise_Southern_Exposure_SC;event1112
201507_Fire_MT;event1115
201507_Fire_OR;event1110
201507_Flood_Eastern_US;event1111
201507_Storm_Eastern_US;event1113
201507_Volcano_Cotopaxi_ECU;event1109
201507_Volcano_KickEmJenny_GRD;event1116
201508_Fire_AK;event1137
201508_Fire_CA;event1117
201508_Fire_ID;event1122
201508_Fire_OR;event1127
201508_Fire_RUS;event1126
201508_Fire_WA;event1125
201508_Flood_CHL;event1119
201508_Flood_TUR;event1134
201508_Hurricane_Danny;event1132
201508_Hurricane_Erika_PRI;event1136
201508_Landslide_AK;event1128
201508_Landslide_VNM;event1121
201508_Spill_CO;event1130
201508_Storm_MI;event1118
201508_Storm_MN;event1123
201508_Tornado_Midwest_US;event1120
201508_Typhoon_Goni_MNP;event1131
201509_Earthquake_CHL;event1144
201509_Exercise_Northeast_US;event1145
201509_Fire_CA;event1139
201509_Fire_ID;event1140
201509_Fire_NE;event1143
201509_Fire_WA;event1141
201509_Flood_BGD;event1142
201509_Landslide_MMR;event1138
201510_Earthquake_AFG;event1151
201510_Fire_CA;event1152
201510_Flood_AK;event1149
201510_Hurricane_Joaquin;event1146
201510_Hurricane_Joaquin_BHS;event1147
201510_Landslide_GTM;event1148
201510_Tornado_IA;event1150
201511_Airplane_RUS;event1153
201511_Cyclone_Chapala_YEM;event1154
201511_Flood_IRQ;event1157
201511_Spill_BRA;event1155
201511_Tornado_Central_US;event1159
201511_Tornado_FL;event1158
201511_Tornado_IA;event1156
201512_Earthquake_TJK;event1161
201512_Flood_ARG;event1165
201512_Flood_IND;event1160
201512_Flood_Midwest_US;event1166
201512_Flood_Midwest_US_Charter;event1168
201512_Storm_WA;event1162
201512_Tornado_Central_US;event1167
201512_Tornado_MS;event1163
201602_Cyclone_Winston_FJI;event1170
201602_Earthquake_TWN;event1169
201602_Flood_CEOS_Pilot;event1171
201602_Tornado_Eastern_US;event1172
201603_Exercise_EMD_SC;event1182
201603_Flood_Southern_US;event1181
201603_Tornado_Midwest_US;event1190
201604_Earthquake_ECU;event1229
201604_Earthquake_JPN;event1226
201604_Fire_Eastern_US;event1222
201604_Fire_Midwest_US;event1219
201604_Fire_PAN;event1230
201604_Fire_US;event1223
201604_Flood_ARG;event1231
201604_Flood_Southern_US;event1240
201604_Tornado_US;event1237
201605_Cyclone_Roanu_BGD;event1244
201605_Fire_CAN;event1238
201605_Oilspill_GOM;event1241
201605_Oilspill_NWHI;event1239
201605_Search_Rescue_CA;event1243
201605_Tornado_US;event1242
201606_Airplane_F16_GA;event1248
201606_Exercise_Cascadia_Rising;event1247
201606_Fire_US;event1249
201606_Flood_CHN;event1250
201606_Flood_Southern_US;event1246
201606_Flood_US;event1252
201606_Tornado_CHN;event1251
201606_Tornado_US;event1245
201607_Fire_RUS;event1253
201607_Fire_US;event1256
201607_Flood_US;event1257
201607_Hurricane_PreEvent_US;event1255
201607_Tornado_US;event1254
201608_Fire_US;event1258
201608_Flood_IND;event1261
201608_Flood_US;event1260
201608_Tornado_US;event1259
201609_Fire_US;event1262
201609_Flood_AUS;event1265
201609_Flood_IDN;event1264
201609_Flood_US;event1266
201609_Storm_US;event1263
201610_Debris_US;event1269
201610_Fire_US;event1270
201610_Flood_PAN;event1273
201610_Flood_US;event1272
201610_Hurricane_Matthew;event1267
201610_Hurricane_Matthew_US;event1268
201610_Hurricane_Matthew_US_Charter;event1271
201610_Typhoon_Haima_PHL;event1274
201611_Earthquake_NZL;event1279
201611_Exercise_Vigilant_Guard_CA;event1278
201611_Fire_ISR;event1281
201611_Fire_US;event1277
201611_Flood_CRI;event1282
201611_Flood_PAN;event1280
201611_Flood_Pre_Event_US;event1276
201612_Cyclone_Vardah_IND;event1285
201612_Earthquake_IDN;event1284
201612_Tornado_US;event1283
201701_Exercise_Patriot_South_MS;event1290
201701_Fire_ARG;event1286
201701_Fire_CHL;event1289
201701_Flood_US;event1287
201701_Tornado_US;event1288
201702_Dam_CA;event1293
201702_Dam_RadarSAT_CA;event1295
201702_Earthquake_PHL;event1292
201702_Flood_US;event1294
201702_Tornado_US;event1291
201703_Cyclone_Debbie_AUS;event1302
201703_Cyclone_Enawo_MDG;event1298
201703_Exercise_FOSTERRS_US;event1297
201703_Exercise_SERT_SC;event1301
201703_Fire_US;event1300
201703_Landslide_US;event1299
201703_Tornado_US;event1296
201704_Airplane_CA;event1309
201704_Exercise_Gotham_Shield;event1314
201704_Fire_US;event1310
201704_Flood_ARG;event1306
201704_Flood_DOM;event1311
201704_Flood_HTI;event1312
201704_Flood_PER;event1303
201704_Flood_Pre_Event_MEX;event1308
201704_Flood_US;event1304
201704_Landslide_COL;event1305
201704_Tornado_US;event1307
201704_Vessel_Stellar_Daisy;event1313
201705_Cyclone_Mora_BGD;event1322
201705_Fire_RUS;event1321
201705_Fire_US;event1320
201705_Flood_CAN;event1317
201705_Flood_Central_US;event1315
201705_Flood_CHL;event1318
201705_Flood_US;event1319
201705_Tornado_US;event1316
201706_Airplane_CA;event1326
201706_Exercise_Earthquake_US;event1323
201706_Fire_US;event1324
201706_Fire_ZAF;event1325
201706_Flood_HND;event1327
201706_Flood_Pre_Event_US;event1329
201706_Flood_US;event1330
201706_Landslide_CHN;event1331
201706_Tornado_US;event1328
201707_Fire_MNE;event1335
201707_Fire_US;event1332
201707_Flood_US;event1334
201707_PineBeetle_Infestation_US;event1333
201707_SAR_Mt_Shasta;event1337
201707_Tornado_US;event1336
201708_Earthquake_CHN;event1341
201708_Fire_ARM;event1349
201708_Fire_US;event1338
201708_Flood_BGD;event1345
201708_Flood_NPL;event1343
201708_Flood_SLE;event1344
201708_Flood_US;event1342
201708_Flood_VEN;event1339
201708_Flood_VNM;event1340
201708_Hurricane_Harvey;event1348
201708_Hurricane_Harvey_Charter;event1350
201708_Storm_US;event1346
201708_Tornado_US;event1347
201709_Earthquake_MEX;event1354
201709_Fire_US;event1351
201709_Hurricane_Irma;event1352
201709_Hurricane_Irma_Charter;event1353
201709_Tornado_US;event1355
201709_Volcano_Agung_IDN;event1356
201710_Fire_US;event1358
201710_Hurricane_Nate;event1357
201710_Tornado_US;event1359
201711_Earthquake_IRN;event1363
201711_Earthquake_IRQ;event1362
201711_Earthquake_KOR;event1364
201711_Flood_VNM;event1360
201711_Tornado_US;event1361
201712_Fire_US;event1365
201801_Charter_Exercise;event1382
201801_Debris_US;event1366
201801_Volcano_Mayon_PHL;event1367
201801_Volcano_Sierra_Negra_ECU;event1368
201802_Cyclone_Gita_TON;event1372
201802_Flood_ARG;event1370
201802_Flood_BOL;event1371
201802_Flood_US;event1374
201802_Volcano_Fuego_GTM;event1369
201803_Cyclone_Hola_NCL;event1375
201803_Flood_US;event1378
201803_Landslide_US;event1376
201803_PineBeetle_Infestation_US;event1373
201803_Tornado_US;event1377
201804_Fire_NIC;event1383
201804_Fire_US;event1384
201804_Flood_RUS;event1380
201804_Tornado_US;event1381
201805_Exercise_Atlantic_Fury;event1385
201805_Fire_US;event1393
201805_Flood_DJI;event1390
201805_Flood_LKA;event1391
201805_Flood_Pre_Event_US;event1392
201805_Flood_SOM;event1388
201805_Flood_US;event1389
201805_Storm_Alberto_US;event1394
201805_Tornado_US;event1386
201805_Volcano_Kilauea_HI;event1387
201806_Cyclone_Mekunu_YEM;event1396
201806_Fire_CHN;event1397
201806_Fire_US;event1395
201806_Flood_US;event1400
201806_OilSpill_US;event1401
201806_Tornado_US;event1399
201806_Volcano_Fuego_GTM;event1398
201807_Fire_GRC;event1408
201807_Fire_US;event1402
201807_Flood_JPN;event1403
201807_Flood_LAO;event1407
201807_Flood_US;event1405
201807_Storm_US;event1409
201807_Tornado_US;event1406
201808_Algae_Bloom_US;event1558
201808_Earthquake_IDN;event1413
201808_Fire_US;event1411
201808_Flood_IND;event1482
201808_Flood_VEN;event1481
201808_Flood_VNM;event1478
201808_Hurricane_Lane;event1515
201808_Landslide_IND;event1496
201808_Storm_US;event1414
201808_Tornado_US;event1535
201809_Earthquake_IDN;event1813
201809_Fire_US;event1617
201809_Hurricane_Florence;event1575
201809_Hurricane_Isaac;event1635
201809_Storm_Gordon_US;event1595
201809_Storm_Olivia;event1616
201809_Tornado_US;event1655
201809_Typhoon_Mangkhut;event1615
201809_Typhoon_Mangkhut_PHL;event1680
201810_Fire_US;event1833
201810_Flood_RUS;event1953
201810_Flood_US;event1933
201810_Hurricane_Michael;event1893
201810_Hurricane_Rosa;event1853
201810_Landslide_UGA;event1918
201810_Tornado_US;event1854
201810_Typhoon_Yutu;event1973
201811_Earthquake_US;event2073
201811_Fire_US;event2033
201811_Flood_IRQ;event2053
201811_Search_Rescue_CA;event1994
201811_Tornado_US;event2013
201812_OilSpill_US;event2094
201812_Tornado_US;event2093
201812_Tsunami_IDN;event2113
201901_Dam_Collapse_BRA;event2153
201901_Flood_BRA;event2133
201901_PineBeetle_Infestation_US;event2173
201902_Flood_US;event2238
201902_Landslide_BOL;event2193
201902_Tornado_US;event2213
201903_Cyclone_Idai_MOZ;event2293
201903_Cyclone_Idai_ZWE;event2313
201903_Flood_IDN;event2353
201903_Flood_US;event2333
201903_Search_Rescue_CA;event2273
201903_Tornado_US;event2253
201904_Cyclone_Kenneth_MOZ;event2533
201904_Fire_US;event2553
201904_Flood_CAN;event2474
201904_Flood_IRQ;event2454
201904_Flood_ZAF;event2513
201904_Landslide_US;event2493
201904_Tornado_US;event2453
201904_Volcano_Popocatepetl_MEX;event2433
201904_Wildfire_KOR;event2393
201905_Cyclone_Fani_IND;event2573
201905_Debris_US;event2614
201905_Earthquake_PER;event2673
201905_Exercise_ArdentSentry_ShakenFury;event2714
201905_Fire_US;event2653
201905_Flood_PRY;event2633
201905_Flood_US;event2613
201905_Landslide_BOL;event2554
201905_Pre_Hurricane_US;event2693
201905_Tornado_US;event2593
201906_Fire_US;event2753
201906_Flood_RUS;event2793
201906_Tornado_US;event2733
201906_Volcano_Ulawun_PNG;event2773
201907_Earthquake_US;event2813
201907_Fire_US;event2833
201907_Flood_IND;event2873
201907_Flood_RUS;event2933
201907_Tornado_US;event2854
201907_Tropical_Storm_Barry_US;event2856
201907_Volcano_Ubinas_PER;event2893
201908_Exercise_Vigilant_Guard_OH;event2955
201908_Fire_US;event2993
201908_Flood_RUS;event3033
201908_Flood_SDN;event3077
201908_Tropical_Storm_Dorian;event3094
201908_Wildfire_BOL;event3053
201909_Earthquake_IDN;event3254
201909_Earthquake_PAK;event3233
201909_Fire_US;event3153
201909_Flood_IND;event3253
201909_Flood_US;event3193
201909_Hurricane_Dorian_BHS;event3133
201909_Tornado_US;event3173
201909_Wildfire_BOL;event3113
201909_Wildfire_PRY;event3214
201910_Fire_US;event3274
201910_Flood_CMR;event3353
201910_Typhoon_Hagibis_JPN;event3293
201910_Volcano_Copahue_ARG;event3313
201910_Wildfire_LBN_SYR;event3333
201911_Cyclone_Bulbul_BGD;event3433
201911_Earthquake_PHL;event3375
201911_Flood_CAF;event3514
201911_Flood_KEN;event3374
201911_Landslide_KEN;event3533
201911_Tornado_US;event3553
201911_Volcano_Sabancaya_PER;event3393
201911_Wildfire_AUS;event3473
201912_Flood_FJI;event3653
201912_Landslide_UGA;event3593
201912_Missing_Aircraft_Antarctic;event3613
201912_Tornado_US;event3633
201912_Typhoon_Kammuri_PHL;event3573
202001_Earthquake_PRI;event3673
202001_Flood_BRA;event3773
202001_Flood_IDN;event3693
202001_Flood_MDG;event3793
202001_Flood_ZMB;event3753
202001_Tornado_US;event3733
202001_Volcano_Taal_PHL;event3714
202002_Exercise_Ironfist;event3853
202002_Flood_BOL;event3873
202002_Flood_US;event3813
202002_Tornado_US;event3833
202003_COVID19_US;event3973
202003_Earthquake_US;event3953
202003_Flood_ZMB;event3913
202003_Storm_US;event3933
202003_Tornado_US;event3893
202004_Fire_US;event3993
202004_Storm_US;event4093
202004_Tornado_US;event4073
202004_Tropical_Cyclone_Harold_FJI;event4033
202004_Tropical_Cyclone_Harold_TON;event4053
202004_Tropical_Cyclone_Harold_VUT;event4013
202005_Cyclone_Amphan_BGD;event4233
202005_Cyclone_Amphan_IND;event4234
202005_Dam_MI;event4253
202005_Earthquake_US;event4213
202005_Flood_US;event4273
202005_Marine_Debris_Pacific;event4193
202005_Tornado_US;event4173
202005_Wildfire_GTM;event4153
202006_Fire_US;event4313
202006_Flood_SLV;event4333
202006_OilSpill_RUS;event4354
202006_Tornado_US;event4395
202006_Tropical_Storm_Cristobal_US;event4373
202007_Fire_US;event4413
202007_Flood_BGD;event4473
202007_Flood_COL;event4494
202007_Flood_IDN;event4533
202007_Flood_IND;event4513
202007_Flood_IND_764;event2915
202007_Flood_JPN;event4435
202007_Hurricane_Douglas;event2916
202007_Hurricane_Isaias;event2917
202007_Landslide_MMR;event4433
202007_Search_Rescue_CA;event4453
202007_Tornado_US;event4493
202008_Earthquake_PHL;event2926
202008_Explosion_LBN;event2919
202008_Fire_US;event2918
202008_Flood_CMR;event2928
202008_Flood_IND;event2920
202008_Flood_SDN;event2924
202008_Landslide_KOR;event2925
202008_OilSpill_MUS;event2921
202008_Storm_US;event2923
202008_Tornado_US;event2922
202008_Tropical_Storm_Laura;event2927
202008_Typhoon_Bavi_KOR;event2929
202008_Typhoon_Maysak_KOR;event2930
202009_Fire_ARG;event2939
202009_Fire_US;event2931
202009_Flood_NIG;event2937
202009_Flood_SDN;event2934
202009_Hurricane_Sally;event2935
202009_Tropical_Storm_Beta;event2938
202009_Typhoon_Haishen_JPN;event2932
202009_Wildfire_BOL;event2936
202010_Fire_US;event2940
202010_Flood_TGO;event2943
202010_Flood_VNM;event2945
202010_Flood_VNM_783;event2948
202010_Hurricane_Delta;event2941
202010_Hurricane_Zeta;event2947
202010_Marine_Debris;event2942
202010_OilSpill_Caribbean;event2946
202011_Cyclone_Nivar_IND;event2957
202011_Flood_MEX;event2952
202011_Flood_PAN;event2953
202011_Hurricane_Iota_COL;event2956
202011_Landslide_US;event2954
202011_Typhoon_Goni_PHL;event2949
202011_Volcano_Merapi_IDN;event2951
202012_Cyclone_Burevi_LKA;event2959
202012_Cyclone_Yasa_FJI;event2961
202012_Landslide_MEX;event2958
202012_Oil_Leak_Wabash_River_US;event2960
202012_Volcano_Kilauea_HI;event2962
202101_Blowdown_US;event2972
202101_Earthquake_IDN;event2967
202101_Flood_BOL;event2964
202101_Flood_MAR;event2966
202101_Flood_SWZ;event2970
202101_OilSpill_Bay_of_Campeche;event2963
202101_Tornado_US;event2969
202101_Tropical_Cyclone_Eloise_MOZ;event2968
202102_Flood_CHL;event2973
202102_Flood_IND;event2981
202102_Tropical_Storm_Auring_PHL;event2984
202103_Suez_Canal;event2987
202103_Tornado_US;event2986
202104_Fire_US;event3001
202104_Flood_IDN;event2988
202104_Flood_RUS;event2996
202104_Flood_RUS_2;event2997
202104_Flood_TLS;event2989
202104_Tornado_US;event2994
202104_Volcano_La_Soufriere_VCT;event2995
202105_Cyclone_Tauktae_IND;event3007
202105_Cyclone_Yaas_IND;event3015
202105_Earthquake_Northwest_CHN;event3013
202105_Earthquake_Southwest_CHN;event3012
202105_Fire_US;event3003
202105_Flood_RUS;event3004
202105_Flood_RUS_2;event3005
202105_Flood_RUS_3;event3010
202105_Flood_SOM;event3002
202105_Flood_US;event3008
202105_Tornado_US;event3009
202105_Volcano_Nyiragongo_COD;event3014
202106_Fire_US;event3022
202106_Flood_GUY;event3020
202106_Flood_LKA;event3018
202106_Flood_RUS;event3023
202106_OilSpill_LKA;event3016
202106_Tornado_US;event3017
202106_Volcano_Pacaya_GTM;event3024
202106_Volcano_Sinabung_IDN;event3021
202107_Explosion_THA;event3027
202107_Fire_US;event3028
202107_Flood_CHE;event3031
202107_Flood_LUX;event3030
202107_Landslide_CO;event3035
202107_Landslide_IND;event3036
202107_Storm_Elsa_US;event3029
202107_Storm_US;event3037
202107_Tornado_US;event3032
202107_Wildfire_RUS;event3034
202107_Wildfire_TUN;event3038
202108_Earthquake_HTI;event3041
202108_Fire_US;event3039
202108_Flood_JPN;event3042
202108_Flood_RUS;event3040
202108_Flood_TN;event3046
202108_Hurricane_Ida;event3047
202108_Tropical_Cyclone_Henri;event3045
202108_Wildfire_RUS;event3043
202109_Debris_Flow_CO;event3055
202109_Earthquake_CHN;event3051
202109_Flood_SDN;event3050
202109_Flood_TGO;event3049
202109_Landslide_AK;event3054
202109_Search_Rescue_CA;event3052
202110_Tornado_US;event3056
202111_Flood_LKA;event3057
202111_Volcanic_Debris_PHL;event3058
202112_Debris_Flow_CA;event3063
202112_Fire_US;event3065
202112_Flood_BRA;event3066
202112_Flood_FSM;event3060
202112_Tornado_US;event3061
202112_Typhoon_Rai_PHL;event3064
2021_Exercise;event3011
2021_Hurricane_PreEvent_USVI;event3026
2021_Muldrow_Glacier_US;event3000
2021_Oil_Seep;event2965
202201_Flood_MDG;event3074
202201_Flood_MOZ;event3076
202201_Landslide_STP;event3073
202201_Marine_Mammal;event3071
202201_OilSpill_PER;event3072
202201_Tornado_US;event3067
202201_Volcanic_eruption_Tsunami_TON;event3070
202201_Volcano_Wolf_ECU;event3069
202202_Flood_BRA;event3078
202202_Flood_MDG;event3080
202202_Tornado_US;event3079
202203_Cyclone_Gombe_MOZ;event3081
202203_Tornado_US;event3082
202204_Fire_US;event3086
202204_Flood_PHL;event3087
202204_Flood_ZAF;event3085
202204_Landslide_BRA;event3084
202204_PineBeetle_Infestation_US;event3088
202204_Tornado_US;event3083
202205_Fire_US;event3091
202205_Fishing_Patrol_South_Pacific;event3092
202205_Flood_US;event3090
202205_Flood_ZAF;event3095
202205_Landslide_BRA;event3098
202205_Tornado_US;event3093
202206_Earthquake_AFG;event3110
202206_Fire_US;event3107
202206_Flood_BGD;event3108
202206_Flood_US;event3100
202206_OilSpill_GMB;event3102
202206_Storm_US;event3111
202206_Tornado_US;event3105
202206_Volcano_Bulusan_PHL;event3106
202206_Wildfire_AFG;event3104
202207_Earthquake_PHL;event3117
202207_Fire_US;event3114
202207_Flood_IND;event3112
202207_Flood_US;event3119
202207_Wildfire_TUN;event3118
202208_Fire_US;event3120
202208_Flood_GMB;event3123
202208_Flood_PAK;event3129
202208_Flood_PHL;event3127
202208_Flood_SDN;event3125
202208_Flood_US;event3128
202208_Oilspill_GOM;event3122
202208_Search_Rescue_CA;event3124
202208_Wildfire_RUS;event3126
202209_Dam_Failure_ZAF;event3135
202209_Earthquake_CHN;event3132
202209_Fire_US;event3134
202209_Flood_HND;event3140
202209_Flood_KOR;event3130
202209_Flood_NGA;event3137
202209_Hurricane_Fiona;event3138
202209_Hurricane_Fiona_CAN;event3147
202209_Hurricane_Fiona_DOM;event3142
202209_Hurricane_Fiona_TCA;event3141
202209_Hurricane_Ian;event3149
202209_Storm_Alaska;event3139
202209_Typhoon_Hinnamnor_RUS;event3136
202209_Typhoon_Noru_LAO;event3151
202209_Typhoon_Noru_PHL;event3150
202210_Fire_US;event3155
202210_Flood_HND;event3157
202210_Flood_TCD;event3159
202210_Flood_VEN;event3156
202210_Tropical_Storm_Nalgae_PHL;event3160
202210_Typhoon_Noru_THA;event3154
202211_Earthquake_IDN;event3166
202211_Flood_UK;event3165
202211_Hurricane_Nicole;event3163
202211_Landslide_AK;event3161
202211_Landslide_US;event3164
202211_Tornado_US;event3162
202211_Volcano_Mauna_Loa_HI;event3167
202212_Earthquake_US;event3179
202212_Ice_Jam_US;event3183
202212_OilSpill_MUS;event3182
202212_Tornado_US;event3177
202212_Volcano_Cotopaxi_ECU;event3178
202212_Volcano_Semeru_IDN;event3176
2022_Oil_Ice_Artic;event3096
2022_Oil_Seep;event3109
202301_Landslide_COL;event3186
202301_Storm_CA;event3184
202301_Tornado_US;event3185
202302_Cyclone_Freddy_MDG;event3196
202302_Earthquake_PHL;event3194
202302_Earthquake_SYR;event3189
202302_Earthquake_TUR;event3188
202302_Flood_SWZ;event3192
202302_Landslide_BRA;event3195
202302_Marine_Mammal;event3187
202302_Tropical_Storm_Freddy_MOZ;event3199
202302_Wildfire_CHL;event3190
202303_Cyclone_Freddy_MDG;event3207
202303_Cyclone_Yaku_ECU;event3205
202303_Cyclone_Yaku_PER;event3208
202303_Flood_BRA;event3212
202303_Flood_SOM;event3210
202303_Flood_ZAF;event3211
202303_Landslide_IDN;event3203
202303_Oilspill_PHL;event3202
202303_Storm_CA;event3204
202303_Tornado_US;event3209
202303_Tropical_Storm_Kevin_VU;event3201
202304_Dam_NM;event3216
202304_Fire_US;event3218
202304_Flood_Upper_Midwest_US;event3215
202304_Tornado_US;event3213
202305_Capsized_Fishing_Vessel;event3229
202305_Fire_US;event3223
202305_Flood_DRC;event3221
202305_Flood_RWA;event3219
202305_Flood_SOM;event3232
202305_PineBeetle_Infestation_US;event3230
202305_Tornado_US;event3225
202305_Tropical_Storm_Mocha_BGD;event3224
202305_Tropical_Storm_Mocha_MMR;event3222
202305_Typhoon_Mawar_GUM;event3231
202306_Cyclone_Biparjoy_IND;event3237
202306_Flood_CHL;event3239
202306_Flood_ECU;event3234
202306_Flood_ETH;event3238
202306_Oilspill_GOM;event3235
202306_Tornado_US;event3236
202307_Fire_DZA;event3246
202307_Fire_TUN;event3247
202307_Flood_IND;event3241
202307_Flood_KOR;event3242
202307_Flood_US;event3240
202307_Landslide_COL;event3245
202307_Landslide_KOR;event3243
202307_Tornado_US;event3244
202307_Typhoon_Doksuri_CHN;event3248
202308_Debris_Flow_HI;event3269
202308_Fire_US;event3270
202308_Glacial_Flood_US;event3252
202308_Hurricane_Hilary;event3267
202308_Hurricane_Idalia;event3271
202308_Landslide_GEO;event3251
202308_Landslide_VNM;event3266
202308_Tornado_US;event3264
202308_Typhoon_Khanun_KOR;event3265
202308_Wildfire_Maui;event3260
202309_Earthquake_MAR;event3275
202309_Flood_BRA;event3273
202309_Flood_LBY;event3276
202309_Flood_ZAF;event3279
202309_Hurricane_Lee;event3278
202309_Tornado_US;event3277
202310_Earthquake_AFG;event3280
202310_Flood_GHA;event3282
202310_Flood_IND;event3285
202310_Hurricane_Otis_MEX;event3286
202310_Tropical_Cyclone_Lola_SLB;event3284
202310_Tropical_Cyclone_Lola_VUT;event3283
202310_Typhoon_Bolaven_MNP;event3281
202311_Earthquake_NPL;event3288
202311_Earthquake_PHL;event3298
202311_Flood_BRA;event3294
202311_Flood_SOM;event3291
202311_Landslide_HTI;event3295
202311_Landslide_US;event3299
202311_OilSpill_GOM;event3292
202311_Tornado_US;event3300
202312_Earthquake_CHN;event3306
202312_Flood_US;event3307
202312_Oilspill_GIN;event3303
202312_Storm_SWZ;event3309
202312_Tornado_US;event3302
202312_Volcano_Marapi_IDN;event3301
2023_Hurricane_PreEvent_USVI;event3272
2023_NGP_Exercise;event3217
202401_Earthquake_CHN;event3318
202401_Earthquake_JPN;event3308
202401_Flood_MHL;event3316
202401_Flood_US;event3311
202401_IceJam_Flood_US;event3314
202401_Landslide_ECU;event3310
202401_Marine_Mammal;event3319
202401_Storm_US;event3315
202401_Tornado_US;event3312
202402_Wildfire_CHL;event3320
Aerial Photo Mosaics;aerial_combin_index
Aerial Photo Single Frames;aerial_combin
Aircraft Scanners;aircraft_scanners
Algeria 3;calval_pis_algeria_3
Algeria 5;calval_pis_algeria_5
Antarctic Flight Line Maps;aerial_usarc_index
Antarctic Single Frames;aerial_usarc
ASAS;asas
ASTER GED AG100;aster_ged_ag100
ASTER GED AG1KM;aster_ged_ag1km
ASTER GED AG5KMMOH V41;aster_ged_ag5kmmoh
ASTER GED C2 Subset;atmo_aux_aster_ged
ASTER Global DEM V3;aster_global_dem_v3
ASTER Level 1T V3;aster_l1t
ASTER Water Bodies Database V1;astwbd
AVHRR Composites;avhrr_composite
AVHRR Global 1K;avhrr_1k_global_comp
AVHRR Orbital Segment;avhrr_orbseg
AVHRR Phenology;avhrr_phen_metrics
CAM5K30CF V2;cam5k30cf_v2
CAM5K30EM V2;cam5k30em_v2
CAM5K30UC V2;cam5k30uc_v2
CCDC V1.0 (HI);ccdc_v1_0_hi
CCDC V1.1 (CONUS);ccdc_v1_1
CCDC V1.2 (CONUS);ccdc_v1_2
CCDC V1.3 (CONUS);ccdc_v1_3
CCDC V1 (CONUS);ccdc_v1_0
CoNED TBDEM;topobathy
Declass 1 (1996);corona2
Declass 2 (2002);declassii
Declass 3 (2013);declassiii
DLG 1:100k;dlg100k
DLG Large Scale;dlg_large
Dome C, Antarctica;calval_is_dome_c_ant
DOQ;doq_qq
DR_1711_KS_FLOOD;event16
Dunhuang, China;calval_is_dunhuang_china
ECO1BATT;ecostress_eco1batt
ECO1BGEO;ecostress_eco1bgeo
ECO1BMAPRAD;ecostress_eco1bmaprad
ECO1BRAD;ecostress_eco1brad
ECO2CLD;ecostress_eco2cld
ECO2LSTE;ecostress_eco2lste
ECO3ANCQA;ecostress_eco3ancqa
ECO3ETPTJPL;ecostress_eco3etptjpl
ECO4ESIPTJPL;ecostress_eco4esiptjpl
ECO4WUE;ecostress_eco4wue
EDNA;edna
EM_3279_CA_FIRE;event30
eMODIS Global LST V6;emodis_global_lst_v6
eMODIS NDVI;emodis
eMODIS NDVI V6;emodis_ndvi_v6
eMODIS Phenology;emodis_phen_metrics
EO-1 ALI;eo1_ali_pub
EO-1 ALI Privileged;eo1_ali_priv
EO-1 Hyperion;eo1_hyp_pub
ETM+ (1999-2003);esat_etm_nopan
ETM+ Pan (1999-2003);esat_etm_pan
ETM+ Pan Mosaics (1999-2003);ortho_mosaic_etm
eVIIRS Global LST;eviirs_global_lst
eVIIRS Global NDVI;eviirs_global_ndvi
eVIIRS Global NDWI;eviirs_global_ndwi
eVIIRS NDVI ;eviirs_ndvi
eVIIRS Phenology;eviirs_phen_metrics
FDL_2020;event4293
FDL_2021;event3044
Frenchman Flat, USA;calval_is_frenchman_flat
GEOID Model;geoid_model
GEOS-5 FP-IT C2 Subset;geos_5_fp_it
GEOS-5 IT C2 Subset;geos_5_it
GFCC30FCC;gfcc_gfcc30fcc
GFCC30SR;gfcc_gfcc30sr
GFCC30TC;gfcc_gfcc30tc
GFCC30WC;gfcc_gfcc30wc
GFSAD GFSAD1KCD;gfsad_gfsad1kcd
GFSAD GFSAD1KCM;gfsad_gfsad1kcm
GFSAD GFSAD30AFCE;gfsad_gfsad30afce
GFSAD GFSAD30AUNZCNMOCE;gfsad_gfsad30aunzcnmoce
GFSAD GFSAD30EUCEARUMECE;gfsad_gfsad30eucearumece
GFSAD GFSAD30NACE;gfsad_gfsad30nace
GFSAD GFSAD30SAAFGIRCE;gfsad_gfsad30saafgirce
GFSAD GFSAD30SACE;gfsad_gfsad30sace
GFSAD GFSAD30SEACE;gfsad_gfsad30seace
GFSAD GFSAD30VAL;gfsad_gfsad30val
GLCC;glcc
GLCHMK;gliht_glchmk_v1
GLCHMT;gliht_glchmt_v1
GLDTMK;gliht_gldtmk_v1
GLDTMT;gliht_gldtmt_v1
Global Land Survey;gls_all
GLS DEM;gls2000_dem
GLS LIMA (Antarctica);lima
GMTED2010;gmted2010
GTOPO30;gtopo30
GTOPO30 HYDRO 1K;gtopo30_hydro_1k
GWELDMO V3;gweldmo_v3
GWELDMO V3.1;gweldmo_v3_1
GWELDYR V3;gweldyr_v3
GWELDYR V3.1;gweldyr_v3_1
HCMM;hcmm
HCMM Digital Source;hcmm_original
High Resolution Orthoimagery;hdds_baseline
High Resolution Orthoimagery;high_res_ortho
IFSAR Alaska;ifsar
IFSAR ORI Alaska;ifsar_ori
IKONOS-2;non_commercial_orderable_ik
IRS AWiFS;irs_awifs
IRS LISS-3;irs_liss3
ISERV;iserv
Ivanpah Playa, USA;calval_is_ivanpah_playa
La Crau, France;calval_is_lacrau_france
Land Cover Trends Photos;land_cover_trend_block
Landsat 1-5 MSS C2 L1;landsat_mss_c2_l1
Landsat 4-5 TM C2 L1;landsat_tm_c2_l1
Landsat 4-5 TM C2 L2;landsat_tm_c2_l2
Landsat 4-9 C2 BA Tile Files;landsat_ba_tile_files_c2
Landsat 4-9 C2 Burned Area;landsat_ba_tile_c2
Landsat 4-9 C2 DSWE Tile Files;landsat_dswe_tile_files_c2
Landsat 4-9 C2 Dynamic Surface Water Extent;landsat_dswe_tile_c2
Landsat 4-9 C2 Fractional Snow Covered Area;landsat_fsca_tile_c2
Landsat 4-9 C2 fSCA Statistics;landsat_fsca_tile_stat_c2
Landsat 4-9 C2 fSCA Stats Tile Files;landsat_fsca_tile_stats_files_c2
Landsat 4-9 C2 fSCA Tile Files;landsat_fsca_tile_files_c2
Landsat 4-9 C2 U.S. ARD;landsat_ard_tile_c2
Landsat 7 ETM+ C2 L1;landsat_etm_c2_l1
Landsat 7 ETM+ C2 L2;landsat_etm_c2_l2
Landsat 8-9 OLI/TIRS C2 L1;landsat_ot_c2_l1
Landsat 8-9 OLI/TIRS C2 L2;landsat_ot_c2_l2
Landsat C2 L1 Band Files;landsat_band_files_c2_l1
Landsat C2 L2 Band Files;landsat_band_files_c2_l2
Libya 1;calval_pis_libya_1
Libya 4;calval_pis_libya_4
LIMA Mosaics;lima_mosaic
Mauritania 1;calval_pis_mauritania_1
Mauritania 2;calval_pis_mauritania_2
MERRA-2 C2 Subset;merra_2_c2
Mississippi_Valley_Flood_Mar08;event120
MODIS Fused C2;modis_fused
MODIS MCD12C1 V6.1;modis_mcd12c1_v61
MODIS MCD12Q1 V6.1;modis_mcd12q1_v61
MODIS MCD12Q2 V6.1;modis_mcd12q2_v61
MODIS MCD15A2H V6.1;modis_mcd15a2h_v61
MODIS MCD15A3H V6.1 ;modis_mcd15a3h_v61
MODIS MCD19A1CMGL V6.1;modis_mcd19a1cmgl_v61
MODIS MCD19A1CMGO V6.1;modis_mcd19a1cmgo_v61
MODIS MCD19A1 V6.1;modis_mcd19a1_v61
MODIS MCD19A2CMG V6.1;modis_mcd19a2cmg_v61
MODIS MCD19A2 V6.1;modis_mcd19a2_v61
MODIS MCD19A3CMG V6.1;modis_mcd19a3cmg_v61
MODIS MCD19A3D V6.1;modis_mcd19a3d_v61
MODIS MCD43A1 V6.1 ;modis_mcd43a1_v61
MODIS MCD43A2 V6.1 ;modis_mcd43a2_v61
MODIS MCD43A3 V6.1 ;modis_mcd43a3_v61
MODIS MCD43A4 V6.1 ;modis_mcd43a4_v61
MODIS MCD43C1 V6.1  ;modis_mcd43c1_v61
MODIS MCD43C2 V6.1 ;modis_mcd43c2_v61
MODIS MCD43C3 V6.1 ;modis_mcd43c3_v61
MODIS MCD43C4 V6.1 ;modis_mcd43c4_v61
MODIS MCD43D01 V6.1 ;modis_mcd43d01_v61
MODIS MCD43D02 V6.1 ;modis_mcd43d02_v61
MODIS MCD43D03 V6.1 ;modis_mcd43d03_v61
MODIS MCD43D04 V6.1 ;modis_mcd43d04_v61
MODIS MCD43D05 V6.1 ;modis_mcd43d05_v61
MODIS MCD43D06 V6.1 ;modis_mcd43d06_v61
MODIS MCD43D07 V6.1 ;modis_mcd43d07_v61
MODIS MCD43D08 V6.1;modis_mcd43d08_v61
MODIS MCD43D09 V6.1;modis_mcd43d09_v61
MODIS MCD43D10 V6.1;modis_mcd43d10_v61
MODIS MCD43D11 V6.1;modis_mcd43d11_v61
MODIS MCD43D12 V6.1;modis_mcd43d12_v61
MODIS MCD43D13 V6.1;modis_mcd43d13_v61
MODIS MCD43D14 V6.1;modis_mcd43d14_v61
MODIS MCD43D15 V6.1;modis_mcd43d15_v61
MODIS MCD43D16 V6.1	;modis_mcd43d16_v61
MODIS MCD43D17 V6.1;modis_mcd43d17_v61
MODIS MCD43D18 V6.1;modis_mcd43d18_v61
MODIS MCD43D19 V6.1;modis_mcd43d19_v61
MODIS MCD43D20 V6.1;modis_mcd43d20_v61
MODIS MCD43D21 V6.1;modis_mcd43d21_v61
MODIS MCD43D22 V6.1;modis_mcd43d22_v61
MODIS MCD43D23 V6.1;modis_mcd43d23_v61
MODIS MCD43D24 V6.1;modis_mcd43d24_v61
MODIS MCD43D25 V6.1;modis_mcd43d25_v61
MODIS MCD43D26 V6.1	;modis_mcd43d26_v61
MODIS MCD43D27 V6.1	;modis_mcd43d27_v61
MODIS MCD43D28 V6.1;modis_mcd43d28_v61
MODIS MCD43D29 V6.1;modis_mcd43d29_v61
MODIS MCD43D30 V6.1;modis_mcd43d30_v61
MODIS MCD43D31 V6.1;modis_mcd43d31_v61
MODIS MCD43D32 V6.1;modis_mcd43d32_v61
MODIS MCD43D33 V6.1;modis_mcd43d33_v61
MODIS MCD43D34 V6.1;modis_mcd43d34_v61
MODIS MCD43D35 V6.1;modis_mcd43d35_v61
MODIS MCD43D36 V6.1;modis_mcd43d36_v61
MODIS MCD43D37 V6.1;modis_mcd43d37_v61
MODIS MCD43D38 V6.1;modis_mcd43d38_v61
MODIS MCD43D39 V6.1;modis_mcd43d39_v61
MODIS MCD43D40 V6.1;modis_mcd43d40_v61
MODIS MCD43D41 V6.1;modis_mcd43d41_v61
MODIS MCD43D42 V.61;modis_mcd43d42_v61
MODIS MCD43D43 V6.1;modis_mcd43d43_v61
MODIS MCD43D44 V6.1;modis_mcd43d44_v61
MODIS MCD43D45 V6.1;modis_mcd43d45_v61
MODIS MCD43D46 V6.1;modis_mcd43d46_v61
MODIS MCD43D47 V6.1;modis_mcd43d47_v61
MODIS MCD43D48 V6.1;modis_mcd43d48_v61
MODIS MCD43D49 V6.1;modis_mcd43d49_v61
MODIS MCD43D50 V6.1;modis_mcd43d50_v61
MODIS MCD43D51 V6.1;modis_mcd43d51_v61
MODIS MCD43D52 V6.1;modis_mcd43d52_v61
MODIS MCD43D53 V6.1;modis_mcd43d53_v61
MODIS MCD43D54 V6.1;modis_mcd43d54_v61
MODIS MCD43D55 V6.1;modis_mcd43d55_v61
MODIS MCD43D56 V6.1;modis_mcd43d56_v61
MODIS MCD43D57 V6.1;modis_mcd43d57_v61
MODIS MCD43D58 V6.1;modis_mcd43d58_v61
MODIS MCD43D59 V6.1;modis_mcd43d59_v61
MODIS MCD43D60 V6.1	;modis_mcd43d60_v61
MODIS MCD43D61 V6.1;modis_mcd43d61_v61
MODIS MCD43D62 V6.1;modis_mcd43d62_v61
MODIS MCD43D63 V6.1;modis_mcd43d63_v61
MODIS MCD43D64 V6.1;modis_mcd43d64_v61
MODIS MCD43D65 V6.1;modis_mcd43d65_v61
MODIS MCD43D66 V6.1;modis_mcd43d66_v61
MODIS MCD43D67 V6.1	;modis_mcd43d67_v61
MODIS MCD43D68 V6.1;modis_mcd43d68_v61
MODIS MCD64A1 V6.1;modis_mcd64a1_v61
MODIS MOD09A1 V6.1;modis_mod09a1_v61
MODIS MOD09CMG V6.1;modis_mod09cmg_v61
MODIS MOD09GA V6.1;modis_mod09ga_v61
MODIS MOD09GQ V6.1;modis_mod09gq_v61
MODIS MOD09Q1 V6.1;modis_mod09q1_v61
MODIS MOD11A1 V6.1;modis_mod11a1_v61
MODIS MOD11A2 V6.1;modis_mod11a2_v61
MODIS MOD11B1 V6.1;modis_mod11b1_v61
MODIS MOD11B2 V6.1 ;modis_mod11b2_v61
MODIS MOD11B3 V6.1;modis_mod11b3_v61
MODIS MOD11C1 V6.1 ;modis_mod11c1_v61
MODIS MOD11C2 V6.1 ;modis_mod11c2_v61
MODIS MOD11C3 V6.1 ;modis_mod11c3_v61
MODIS MOD11_L2 V6.1;modis_mod11_l2_v61
MODIS MOD13A1 V6.1 ;modis_mod13a1_v61
MODIS MOD13A2 V6.1 ;modis_mod13a2_v61
MODIS MOD13A3 V6.1 ;modis_mod13a3_v61
MODIS MOD13C1 V6.1 ;modis_mod13c1_v61
MODIS MOD13C2 V6.1 ;modis_mod13c2_v61
MODIS MOD13Q1 V6.1 ;modis_mod13q1_v61
MODIS MOD14A1 V6.1;modis_mod14a1_v61
MODIS MOD14A2 V6.1;modis_mod14a2_v61
MODIS MOD14 V6.1;modis_mod14_v61
MODIS MOD15A2H V6.1;modis_mod15a2h_v61
MODIS MOD16A2GF V6.1;modis_mod16a2gf_v61
MODIS MOD16A3GF V6.1;modis_mod16a3gf_v61
MODIS MOD17A2HGF V6.1 ;modis_mod17a2hgf_v61
MODIS MOD17A3HGF V6.1;modis_mod17a3hgf_v61
MODIS MOD21A1D V6.1 ;modis_mod21a1d_v61
MODIS MOD21A1N V6.1 ;modis_mod21a1n_v61
MODIS MOD21A2 V6.1 ;modis_mod21a2_v61
MODIS MOD21C1 V6.1 ;modis_mod21c1_v61
MODIS MOD21C2 V6.1 ;modis_mod21c2_v61
MODIS MOD21C3 V6.1 ;modis_mod21c3_v61
MODIS MOD21 V6.1 ;modis_mod21_v61
MODIS MOD28C2 V6.1 ;modis_mod28c2_v61
MODIS MOD28C3 V6.1  ;modis_mod28c3_v61
MODIS MOD44B V6.1;modis_mod44b_v61
MODIS MOD44W V6;modis_mod44w_v6
MODIS MYD09A1 V6.1;modis_myd09a1_v61
MODIS MYD09CMG V6.1;modis_myd09cmg_v61
MODIS MYD09GA V6.1;modis_myd09ga_v61
MODIS MYD09GQ V6.1;modis_myd09gq_v61
MODIS MYD09Q1 V6.1;modis_myd09q1_v61
MODIS MYD11A1 V6.1 ;modis_myd11a1_v61
MODIS MYD11A2 V6.1 ;modis_myd11a2_v61
MODIS MYD11B1 V6.1 ;modis_myd11b1_v61
MODIS MYD11B2 V6.1 ;modis_myd11b2_v61
MODIS MYD11B3 V6.1 ;modis_myd11b3_v61
MODIS MYD11C1 V6.1;modis_myd11c1_v61
MODIS MYD11C2 V6.1 ;modis_myd11c2_v61
MODIS MYD11C3 V6.1 ;modis_myd11c3_v61
MODIS MYD11_L2 V6.1 ;modis_myd11_l2_v61
MODIS MYD13A1 V6.1 ;modis_myd13a1_v61
MODIS MYD13A2 V6.1 ;modis_myd13a2_v61
MODIS MYD13A3 V6.1 ;modis_myd13a3_v61
MODIS MYD13C1 V6.1 ;modis_myd13c1_v61
MODIS MYD13C2 V6.1 ;modis_myd13c2_v61
MODIS MYD13Q1 V6.1 ;modis_myd13q1_v61
MODIS MYD14A1 V6.1;modis_myd14a1_v61
MODIS MYD14A2 V6.1;modis_myd14a2_v61
MODIS MYD14 V6.1;modis_myd14_v61
MODIS MYD15A2H V6.1;modis_myd15a2h_v61
MODIS MYD16A2GF V6.1;modis_myd16a2gf_v61
MODIS MYD16A3GF V6.1;modis_myd16a3gf_v61
MODIS MYD17A2HGF V6.1;modis_myd17a2hgf_v61
MODIS MYD17A3HGF V6.1;modis_myd17a3hgf_v61
MODIS MYD21A1D V6.1 ;modis_myd21a1d_v61
MODIS MYD21A1N V6.1 ;modis_myd21a1n_v61
MODIS MYD21A2 V6.1 ;modis_myd21a2_v61
MODIS MYD21C1 V6.1 ;modis_myd21c1_v61
MODIS MYD21C2 V6.1 ;modis_myd21c2_v61
MODIS MYD21C3 V6.1 ;modis_myd21c3_v61
MODIS MYD21 V6.1 ;modis_myd21_v61
MODIS MYD28C2 V6.1 ;modis_myd28c2_v61
MODIS MYD28C3 V6.1 ;modis_myd28c3_v61
MSS 1-5 (1972-1987);ortho_mss_scene
MSS Film Only;mss_film
NAIP;naip
NAPP;napp
NASADEM_HGT;nasadem_hgt
NASADEM_SC;nasadem_sc
NASADEM_SHHP;nasadem_shhp
NASADEM_SIM;nasadem_sim
NASADEM_SSP;nasadem_ssp
NASA SRTM3 SRTMGL1;srtm_v3_srtmgl1
NASA SRTM3 SRTMGL3;srtm_v3_srtmgl3
NASA SRTM3 SRTMGL30;srtm_v3_srtmgl30
NASA SRTM3 SRTMGL3S;srtm_v3_srtmgl3s
NASA SRTM3 SRTMSWBD;srtm_v3_srtmswbd
National Atlas;nationalatlas
NCEP/NCAR C2 Subset;ncep_ncar_c2
Negev, Southern Israel;calval_is_negev_israel
NHAP;nhap
NOAA CDR NDVI;noaa_cdr
OrbView-3;orbview3
PAO Image Gallery;pao_ee
PreEvent_EM_3279_CA_FIRE;event32
QuickDRI;quickdri
Railroad Valley Playa, USA;calval_is_railroad_valley
RAMP 200 DEM ;ramp200_dem
RBV Film Only;rbv_film
SD NRCS Section Photos;nrcs
SIR-C;sirc
SIR-C Survey;sirc_survey
SLAR;slar
Space Acquired Photography;air_space_acquired
SPOT CIB-10;spot_cib
SRTM 1 Arc-Second Global;srtm_v3
SRTM Non-Void Filled;srtm
SRTM Void Filled;srtm_v2
SRTM Water Body Data;srtm_water_bodies
Sys ETM+ L1G (1999-2003);sys_etm
TM (1984-1997);esat_tm
TM Film Only;tm_film
TM Mosaics (1984-1997);ortho_mosaic
TOMS C2 Subset;toms_c2
Tuz Golu, Turkey;calval_is_tuzgolu_turkey
UAS - DEM;uas_dem
UAS - Ortho;uas_ortho
UAS - Point Cloud;uas_point_cloud
UAS - Raw;uas_raw
U.S. Forest Maps;hdds_forest_maps
USGS Global Fiducials;global_fiducial
U.S. Landsat 4-9 C2 ARD Files;landsat_ard_tile_files_c2
VCF5KYR;measures_vcf_vcf5kyr
VegDRI;vegdri
VIIRS C2 Subset;viirs_atmos
VIIRS VNP09A1;viirs_vnp09a1
VIIRS VNP09CMG;viirs_vnp09cmg
VIIRS VNP09GA;viirs_vnp09ga
VIIRS VNP09H1;viirs_vnp09h1
VIIRS VNP13A1;viirs_vnp13a1
VIIRS VNP13A2;viirs_vnp13a2
VIIRS VNP13A3;viirs_vnp13a3
VIIRS VNP13C1;viirs_vnp13c1
VIIRS VNP13C2;viirs_vnp13c2
VIIRS VNP14A1;viirs_vnp14a1
VIIRS VNP15A2H;viirs_vnp15a2h
VIIRS VNP21;viirs_vnp21
VIIRS VNP21A1D;viirs_vnp21a1d
VIIRS VNP21A1N;viirs_vnp21a1n
VIIRS VNP21A2;viirs_vnp21a2
VIP VIP01;measures_vip_vip01
VIP VIP07;measures_vip_vip07
VIP VIP15;measures_vip_vip15
VIP VIP30;measures_vip_vip30
VIP VIPPHEN_EVI2;measures_vip_vipphen_evi2
VIP VIPPHEN_NDVI;measures_vip_vipphen_ndvi
